"BAJA","NEUTRO","SUBE"
"1",0.0655793622136116,0.770787358283997,0.163633316755295
"2",0.0655793622136116,0.770787358283997,0.163633316755295
"3",0.131864070892334,0.700585186481476,0.167550697922707
"4",0.104526877403259,0.750044107437134,0.145429030060768
"5",0.258276432752609,0.595930278301239,0.145793288946152
"6",0.114366814494133,0.712494611740112,0.173138618469238
"7",0.149334743618965,0.682932198047638,0.167733073234558
"8",0.153525426983833,0.702096939086914,0.144377589225769
"9",0.131864070892334,0.700585186481476,0.167550697922707
"10",0.104526877403259,0.750044107437134,0.145429030060768
"11",0.104526877403259,0.750044107437134,0.145429030060768
"12",0.114366814494133,0.712494611740112,0.173138618469238
"13",0.129788264632225,0.724433243274689,0.145778462290764
"14",0.14893601834774,0.683778703212738,0.167285233736038
"15",0.104526877403259,0.750044107437134,0.145429030060768
"16",0.104526877403259,0.750044107437134,0.145429030060768
"17",0.104526877403259,0.750044107437134,0.145429030060768
"18",0.258276432752609,0.595930278301239,0.145793288946152
"19",0.140603974461555,0.646537244319916,0.212858811020851
"20",0.129788264632225,0.724433243274689,0.145778462290764
"21",0.149334743618965,0.682932198047638,0.167733073234558
"22",0.129788264632225,0.724433243274689,0.145778462290764
"23",0.18559642136097,0.605941295623779,0.208462297916412
"24",0.147998481988907,0.676821291446686,0.175180301070213
"25",0.129788264632225,0.724433243274689,0.145778462290764
"26",0.149334743618965,0.682932198047638,0.167733073234558
"27",0.18559642136097,0.605941295623779,0.208462297916412
"28",0.117244243621826,0.447876334190369,0.434879392385483
"29",0.153525426983833,0.702096939086914,0.144377589225769
"30",0.120891436934471,0.755267143249512,0.123841390013695
"31",0.104526877403259,0.750044107437134,0.145429030060768
"32",0.131864070892334,0.700585186481476,0.167550697922707
"33",0.131864070892334,0.700585186481476,0.167550697922707
"34",0.0415092706680298,0.818825423717499,0.13966529071331
"35",0.0655793622136116,0.770787358283997,0.163633316755295
"36",0.0655793622136116,0.770787358283997,0.163633316755295
"37",0.0655793622136116,0.770787358283997,0.163633316755295
"38",0.131864070892334,0.700585186481476,0.167550697922707
"39",0.104526877403259,0.750044107437134,0.145429030060768
"40",0.131864070892334,0.700585186481476,0.167550697922707
"41",0.104526877403259,0.750044107437134,0.145429030060768
"42",0.153525426983833,0.702096939086914,0.144377589225769
"43",0.1506068110466,0.695111274719238,0.154281869530678
"44",0.101117044687271,0.788845300674438,0.110037639737129
"45",0.0724111497402191,0.861727058887482,0.0658617839217186
"46",0.149334743618965,0.682932198047638,0.167733073234558
"47",0.132545441389084,0.742806911468506,0.124647691845894
"48",0.132545441389084,0.742806911468506,0.124647691845894
"49",0.153525426983833,0.702096939086914,0.144377589225769
"50",0.153525426983833,0.702096939086914,0.144377589225769
"51",0.114917285740376,0.711110770702362,0.173971980810165
"52",0.149334743618965,0.682932198047638,0.167733073234558
"53",0.147998481988907,0.676821291446686,0.175180301070213
"54",0.147998481988907,0.676821291446686,0.175180301070213
"55",0.149334743618965,0.682932198047638,0.167733073234558
"56",0.14893601834774,0.683778703212738,0.167285233736038
"57",0.10097199678421,0.746167600154877,0.15286035835743
"58",0.258276432752609,0.595930278301239,0.145793288946152
"59",0.153525426983833,0.702096939086914,0.144377589225769
"60",0.101117044687271,0.788845300674438,0.110037639737129
"61",0.115498311817646,0.758814096450806,0.125687628984451
"62",0.132545441389084,0.742806911468506,0.124647691845894
"63",0.153525426983833,0.702096939086914,0.144377589225769
"64",0.153525426983833,0.702096939086914,0.144377589225769
"65",0.153525426983833,0.702096939086914,0.144377589225769
"66",0.149334743618965,0.682932198047638,0.167733073234558
"67",0.149334743618965,0.682932198047638,0.167733073234558
"68",0.114917285740376,0.711110770702362,0.173971980810165
"69",0.149334743618965,0.682932198047638,0.167733073234558
"70",0.131864070892334,0.700585186481476,0.167550697922707
"71",0.0655793622136116,0.770787358283997,0.163633316755295
"72",0.0415092706680298,0.818825423717499,0.13966529071331
"73",0.0362331084907055,0.841854155063629,0.121912710368633
"74",0.0415092706680298,0.818825423717499,0.13966529071331
"75",0.0415092706680298,0.818825423717499,0.13966529071331
"76",0.0415092706680298,0.818825423717499,0.13966529071331
"77",0.0362331084907055,0.841854155063629,0.121912710368633
"78",0.0655793622136116,0.770787358283997,0.163633316755295
"79",0.152034416794777,0.658383727073669,0.189581871032715
"80",0.0213353149592876,0.364536434412003,0.614128232002258
"81",0.131864070892334,0.700585186481476,0.167550697922707
"82",0.697297513484955,0.231433600187302,0.0712689235806465
"83",0.0362331084907055,0.841854155063629,0.121912710368633
"84",0.0415092706680298,0.818825423717499,0.13966529071331
"85",0.0362331084907055,0.841854155063629,0.121912710368633
"86",0.0415092706680298,0.818825423717499,0.13966529071331
"87",0.0415092706680298,0.818825423717499,0.13966529071331
"88",0.0414122566580772,0.559256136417389,0.399331599473953
"89",0.0491844564676285,0.840368688106537,0.110446862876415
"90",0.0415092706680298,0.818825423717499,0.13966529071331
"91",0.0362331084907055,0.841854155063629,0.121912710368633
"92",0.0408666096627712,0.456991821527481,0.50214159488678
"93",0.0408666096627712,0.456991821527481,0.50214159488678
"94",0.0407277755439281,0.803409397602081,0.155862852931023
"95",0.0485913939774036,0.830235540866852,0.121173031628132
"96",0.0415092706680298,0.818825423717499,0.13966529071331
"97",0.0379539094865322,0.596062779426575,0.365983307361603
"98",0.0415092706680298,0.818825423717499,0.13966529071331
"99",0.0362331084907055,0.841854155063629,0.121912710368633
"100",0.0655793622136116,0.770787358283997,0.163633316755295
"101",0.366354882717133,0.484458386898041,0.149186760187149
"102",0.123141385614872,0.723305404186249,0.153553202748299
"103",0.0415092706680298,0.818825423717499,0.13966529071331
"104",0.0415092706680298,0.818825423717499,0.13966529071331
"105",0.0407277755439281,0.803409397602081,0.155862852931023
"106",0.0491844564676285,0.840368688106537,0.110446862876415
"107",0.0415092706680298,0.818825423717499,0.13966529071331
"108",0.0408666096627712,0.456991821527481,0.50214159488678
"109",0.0415092706680298,0.818825423717499,0.13966529071331
"110",0.0408060327172279,0.7675541639328,0.19163978099823
"111",0.0439437329769135,0.701091349124908,0.254964917898178
"112",0.0379539094865322,0.596062779426575,0.365983307361603
"113",0.0373089239001274,0.190124094486237,0.772566974163055
"114",0.0373089239001274,0.190124094486237,0.772566974163055
"115",0.0373089239001274,0.190124094486237,0.772566974163055
"116",0.0373089239001274,0.190124094486237,0.772566974163055
"117",0.0287482067942619,0.0379668436944485,0.933284997940063
"118",0.0373089239001274,0.190124094486237,0.772566974163055
"119",0.0424516573548317,0.777962684631348,0.179585635662079
"120",0.0424516573548317,0.777962684631348,0.179585635662079
"121",0.0215613264590502,0.258048415184021,0.720390260219574
"122",0.0439437329769135,0.701091349124908,0.254964917898178
"123",0.0414122566580772,0.559256136417389,0.399331599473953
"124",0.0485913939774036,0.830235540866852,0.121173031628132
"125",0.0415092706680298,0.818825423717499,0.13966529071331
"126",0.0415092706680298,0.818825423717499,0.13966529071331
"127",0.0439437329769135,0.701091349124908,0.254964917898178
"128",0.0373089239001274,0.190124094486237,0.772566974163055
"129",0.0424516573548317,0.777962684631348,0.179585635662079
"130",0.0213353149592876,0.364536434412003,0.614128232002258
"131",0.0407277755439281,0.803409397602081,0.155862852931023
"132",0.0415092706680298,0.818825423717499,0.13966529071331
"133",0.0362331084907055,0.841854155063629,0.121912710368633
"134",0.104526877403259,0.750044107437134,0.145429030060768
"135",0.0362331084907055,0.841854155063629,0.121912710368633
"136",0.258276432752609,0.595930278301239,0.145793288946152
"137",0.14893601834774,0.683778703212738,0.167285233736038
"138",0.149334743618965,0.682932198047638,0.167733073234558
"139",0.147998481988907,0.676821291446686,0.175180301070213
"140",0.114917285740376,0.711110770702362,0.173971980810165
"141",0.212074354290962,0.602414727210999,0.185510888695717
"142",0.104526877403259,0.750044107437134,0.145429030060768
"143",0.104526877403259,0.750044107437134,0.145429030060768
"144",0.131864070892334,0.700585186481476,0.167550697922707
"145",0.131864070892334,0.700585186481476,0.167550697922707
"146",0.147998481988907,0.676821291446686,0.175180301070213
"147",0.0885234028100967,0.811550259590149,0.0999263003468513
"148",0.153525426983833,0.702096939086914,0.144377589225769
"149",0.149334743618965,0.682932198047638,0.167733073234558
"150",0.147998481988907,0.676821291446686,0.175180301070213
"151",0.215272679924965,0.659912288188934,0.124815039336681
"152",0.217033088207245,0.560637831687927,0.222329065203667
"153",0.141574651002884,0.806687831878662,0.0517375506460667
"154",0.101117044687271,0.788845300674438,0.110037639737129
"155",0.134546041488647,0.589715480804443,0.275738507509232
"156",0.0848163217306137,0.86723268032074,0.047951016575098
"157",0.217033088207245,0.560637831687927,0.222329065203667
"158",0.134731858968735,0.785720765590668,0.0795474052429199
"159",0.103957511484623,0.682992041110992,0.213050410151482
"160",0.149334743618965,0.682932198047638,0.167733073234558
"161",0.149334743618965,0.682932198047638,0.167733073234558
"162",0.114366814494133,0.712494611740112,0.173138618469238
"163",0.103957511484623,0.682992041110992,0.213050410151482
"164",0.101117044687271,0.788845300674438,0.110037639737129
"165",0.0724111497402191,0.861727058887482,0.0658617839217186
"166",0.0874441936612129,0.702471077442169,0.21008475124836
"167",0.0632280930876732,0.813392639160156,0.123379245400429
"168",0.0459935404360294,0.68427187204361,0.269734561443329
"169",0.0874441936612129,0.702471077442169,0.21008475124836
"170",0.0635957196354866,0.81812196969986,0.118282303214073
"171",0.0522078312933445,0.671623408794403,0.276168763637543
"172",0.108028337359428,0.849943697452545,0.0420279316604137
"173",0.108028337359428,0.849943697452545,0.0420279316604137
"174",0.108028337359428,0.849943697452545,0.0420279316604137
"175",0.0869770124554634,0.181314170360565,0.731708824634552
"176",0.181621760129929,0.779712736606598,0.038665484637022
"177",0.123561695218086,0.840348064899445,0.0360902883112431
"178",0.123561695218086,0.840348064899445,0.0360902883112431
"179",0.0782293900847435,0.885092556476593,0.036678034812212
"180",0.100105509161949,0.860009908676147,0.0398846119642258
"181",0.187866672873497,0.771093189716339,0.0410401448607445
"182",0.187866672873497,0.771093189716339,0.0410401448607445
"183",0.0880179181694984,0.774604976177216,0.137377128005028
"184",0.0885990113019943,0.871006429195404,0.0403945967555046
"185",0.0782293900847435,0.885092556476593,0.036678034812212
"186",0.187866672873497,0.771093189716339,0.0410401448607445
"187",0.108028337359428,0.849943697452545,0.0420279316604137
"188",0.108028337359428,0.849943697452545,0.0420279316604137
"189",0.140650108456612,0.725338041782379,0.134011790156364
"190",0.140650108456612,0.725338041782379,0.134011790156364
"191",0.0989820510149002,0.811081528663635,0.0899364501237869
"192",0.150575533509254,0.693549752235413,0.155874714255333
"193",0.236629456281662,0.643199145793915,0.120171412825584
"194",0.0989820510149002,0.811081528663635,0.0899364501237869
"195",0.147449046373367,0.767452299594879,0.0850986391305923
"196",0.126898869872093,0.819863080978394,0.0532380118966103
"197",0.117416672408581,0.809047400951385,0.0735359266400337
"198",0.0635957196354866,0.81812196969986,0.118282303214073
"199",0.0735296905040741,0.769991755485535,0.156478554010391
"200",0.0596357434988022,0.827139973640442,0.113224253058434
"201",0.0632280930876732,0.813392639160156,0.123379245400429
"202",0.0632280930876732,0.813392639160156,0.123379245400429
"203",0.097162626683712,0.78054279088974,0.122294619679451
"204",0.0459935404360294,0.68427187204361,0.269734561443329
"205",0.0635957196354866,0.81812196969986,0.118282303214073
"206",0.0353421196341515,0.894510447978973,0.0701474919915199
"207",0.0353421196341515,0.894510447978973,0.0701474919915199
"208",0.0666705965995789,0.603215038776398,0.330114364624023
"209",0.0414279252290726,0.733137607574463,0.225434496998787
"210",0.26288902759552,0.70228511095047,0.0348258949816227
"211",0.148525804281235,0.816411852836609,0.0350623056292534
"212",0.123561695218086,0.840348064899445,0.0360902883112431
"213",0.161170393228531,0.801651477813721,0.0371781289577484
"214",0.0885990113019943,0.871006429195404,0.0403945967555046
"215",0.273921102285385,0.691774249076843,0.0343046672642231
"216",0.0979558676481247,0.862064301967621,0.0399798862636089
"217",0.0979558676481247,0.862064301967621,0.0399798862636089
"218",0.108028337359428,0.849943697452545,0.0420279316604137
"219",0.0353421196341515,0.894510447978973,0.0701474919915199
"220",0.0735296905040741,0.769991755485535,0.156478554010391
"221",0.108028337359428,0.849943697452545,0.0420279316604137
"222",0.0531866103410721,0.833626985549927,0.113186471164227
"223",0.172319710254669,0.69738507270813,0.130295172333717
"224",0.0874441936612129,0.702471077442169,0.21008475124836
"225",0.0353421196341515,0.894510447978973,0.0701474919915199
"226",0.0989820510149002,0.811081528663635,0.0899364501237869
"227",0.0750131011009216,0.880115509033203,0.0448713973164558
"228",0.150575533509254,0.693549752235413,0.155874714255333
"229",0.0942557901144028,0.815335988998413,0.0904082059860229
"230",0.0353421196341515,0.894510447978973,0.0701474919915199
"231",0.0514966249465942,0.693521857261658,0.25498154759407
"232",0.0942557901144028,0.815335988998413,0.0904082059860229
"233",0.0702557265758514,0.473949939012527,0.455794334411621
"234",0.117416672408581,0.809047400951385,0.0735359266400337
"235",0.112984970211983,0.83961433172226,0.0474006980657578
"236",0.0724111497402191,0.861727058887482,0.0658617839217186
"237",0.175953015685081,0.544096112251282,0.279950857162476
"238",0.101117044687271,0.788845300674438,0.110037639737129
"239",0.153525426983833,0.702096939086914,0.144377589225769
"240",0.199926674365997,0.618229448795319,0.181843936443329
"241",0.100105509161949,0.860009908676147,0.0398846119642258
"242",0.0989820510149002,0.811081528663635,0.0899364501237869
"243",0.0874441936612129,0.702471077442169,0.21008475124836
"244",0.115043245255947,0.776089608669281,0.108867168426514
"245",0.0896853730082512,0.806694328784943,0.103620305657387
"246",0.17602764070034,0.715449631214142,0.108522780239582
"247",0.0981475636363029,0.788455128669739,0.1133973300457
"248",0.0926989689469337,0.74468457698822,0.162616446614265
"249",0.112984970211983,0.83961433172226,0.0474006980657578
"250",0.0724111497402191,0.861727058887482,0.0658617839217186
"251",0.103957511484623,0.682992041110992,0.213050410151482
"252",0.0885234028100967,0.811550259590149,0.0999263003468513
"253",0.172319710254669,0.69738507270813,0.130295172333717
"254",0.236629456281662,0.643199145793915,0.120171412825584
"255",0.59521073102951,0.36438462138176,0.040404636412859
"256",0.199334546923637,0.650087535381317,0.150577932596207
"257",0.199334546923637,0.650087535381317,0.150577932596207
"258",0.0848163217306137,0.86723268032074,0.047951016575098
"259",0.0848163217306137,0.86723268032074,0.047951016575098
"260",0.0724111497402191,0.861727058887482,0.0658617839217186
"261",0.0848163217306137,0.86723268032074,0.047951016575098
"262",0.170818388462067,0.557088077068329,0.27209347486496
"263",0.117416672408581,0.809047400951385,0.0735359266400337
"264",0.0942557901144028,0.815335988998413,0.0904082059860229
"265",0.0997515842318535,0.801340818405151,0.0989075675606728
"266",0.200524151325226,0.726834774017334,0.072641097009182
"267",0.126898869872093,0.819863080978394,0.0532380118966103
"268",0.175953015685081,0.544096112251282,0.279950857162476
"269",0.0848163217306137,0.86723268032074,0.047951016575098
"270",0.0724111497402191,0.861727058887482,0.0658617839217186
"271",0.217033088207245,0.560637831687927,0.222329065203667
"272",0.0750131011009216,0.880115509033203,0.0448713973164558
"273",0.357255339622498,0.57858818769455,0.0641565173864365
"274",0.150575533509254,0.693549752235413,0.155874714255333
"275",0.117416672408581,0.809047400951385,0.0735359266400337
"276",0.0750131011009216,0.880115509033203,0.0448713973164558
"277",0.357255339622498,0.57858818769455,0.0641565173864365
"278",0.0942557901144028,0.815335988998413,0.0904082059860229
"279",0.117416672408581,0.809047400951385,0.0735359266400337
"280",0.0885234028100967,0.811550259590149,0.0999263003468513
"281",0.0848163217306137,0.86723268032074,0.047951016575098
"282",0.0942557901144028,0.815335988998413,0.0904082059860229
"283",0.175953015685081,0.544096112251282,0.279950857162476
"284",0.153525426983833,0.702096939086914,0.144377589225769
"285",0.0724111497402191,0.861727058887482,0.0658617839217186
"286",0.0724111497402191,0.861727058887482,0.0658617839217186
"287",0.149334743618965,0.682932198047638,0.167733073234558
"288",0.149334743618965,0.682932198047638,0.167733073234558
"289",0.0885234028100967,0.811550259590149,0.0999263003468513
"290",0.1506068110466,0.695111274719238,0.154281869530678
"291",0.104526877403259,0.750044107437134,0.145429030060768
"292",0.291070163249969,0.570212304592133,0.138717517256737
"293",0.153525426983833,0.702096939086914,0.144377589225769
"294",0.104526877403259,0.750044107437134,0.145429030060768
"295",0.366354882717133,0.484458386898041,0.149186760187149
"296",0.131864070892334,0.700585186481476,0.167550697922707
"297",0.104526877403259,0.750044107437134,0.145429030060768
"298",0.697297513484955,0.231433600187302,0.0712689235806465
"299",0.140603974461555,0.646537244319916,0.212858811020851
"300",0.258276432752609,0.595930278301239,0.145793288946152
"301",0.140603974461555,0.646537244319916,0.212858811020851
"302",0.104526877403259,0.750044107437134,0.145429030060768
"303",0.104526877403259,0.750044107437134,0.145429030060768
"304",0.131864070892334,0.700585186481476,0.167550697922707
"305",0.366354882717133,0.484458386898041,0.149186760187149
"306",0.104526877403259,0.750044107437134,0.145429030060768
"307",0.104526877403259,0.750044107437134,0.145429030060768
"308",0.131864070892334,0.700585186481476,0.167550697922707
"309",0.104526877403259,0.750044107437134,0.145429030060768
"310",0.129788264632225,0.724433243274689,0.145778462290764
"311",0.18559642136097,0.605941295623779,0.208462297916412
"312",0.123201690614223,0.705386936664581,0.171411424875259
"313",0.104526877403259,0.750044107437134,0.145429030060768
"314",0.104526877403259,0.750044107437134,0.145429030060768
"315",0.258276432752609,0.595930278301239,0.145793288946152
"316",0.153525426983833,0.702096939086914,0.144377589225769
"317",0.147998481988907,0.676821291446686,0.175180301070213
"318",0.153525426983833,0.702096939086914,0.144377589225769
"319",0.153525426983833,0.702096939086914,0.144377589225769
"320",0.153525426983833,0.702096939086914,0.144377589225769
"321",0.132545441389084,0.742806911468506,0.124647691845894
"322",0.18559642136097,0.605941295623779,0.208462297916412
"323",0.129788264632225,0.724433243274689,0.145778462290764
"324",0.10097199678421,0.746167600154877,0.15286035835743
"325",0.14893601834774,0.683778703212738,0.167285233736038
"326",0.147998481988907,0.676821291446686,0.175180301070213
"327",0.147998481988907,0.676821291446686,0.175180301070213
"328",0.149334743618965,0.682932198047638,0.167733073234558
"329",0.697297513484955,0.231433600187302,0.0712689235806465
"330",0.114917285740376,0.711110770702362,0.173971980810165
"331",0.114366814494133,0.712494611740112,0.173138618469238
"332",0.104526877403259,0.750044107437134,0.145429030060768
"333",0.18559642136097,0.605941295623779,0.208462297916412
"334",0.101117044687271,0.788845300674438,0.110037639737129
"335",0.120891436934471,0.755267143249512,0.123841390013695
"336",0.18680365383625,0.663969695568085,0.149226620793343
"337",0.0531866103410721,0.833626985549927,0.113186471164227
"338",0.413472443819046,0.556888103485107,0.0296394396573305
"339",0.0596357434988022,0.827139973640442,0.113224253058434
"340",0.187866672873497,0.771093189716339,0.0410401448607445
"341",0.0596357434988022,0.827139973640442,0.113224253058434
"342",0.0885990113019943,0.871006429195404,0.0403945967555046
"343",0.187866672873497,0.771093189716339,0.0410401448607445
"344",0.096897654235363,0.869466841220856,0.0336355045437813
"345",0.096897654235363,0.869466841220856,0.0336355045437813
"346",0.123561695218086,0.840348064899445,0.0360902883112431
"347",0.0782293900847435,0.885092556476593,0.036678034812212
"348",0.123561695218086,0.840348064899445,0.0360902883112431
"349",0.26288902759552,0.70228511095047,0.0348258949816227
"350",0.0782293900847435,0.885092556476593,0.036678034812212
"351",0.096897654235363,0.869466841220856,0.0336355045437813
"352",0.096897654235363,0.869466841220856,0.0336355045437813
"353",0.096897654235363,0.869466841220856,0.0336355045437813
"354",0.096897654235363,0.869466841220856,0.0336355045437813
"355",0.096897654235363,0.869466841220856,0.0336355045437813
"356",0.0782293900847435,0.885092556476593,0.036678034812212
"357",0.254483073949814,0.710293889045715,0.0352230444550514
"358",0.123561695218086,0.840348064899445,0.0360902883112431
"359",0.0782293900847435,0.885092556476593,0.036678034812212
"360",0.192380756139755,0.771824359893799,0.0357948392629623
"361",0.0885990113019943,0.871006429195404,0.0403945967555046
"362",0.0885990113019943,0.871006429195404,0.0403945967555046
"363",0.0885990113019943,0.871006429195404,0.0403945967555046
"364",0.413472443819046,0.556888103485107,0.0296394396573305
"365",0.0587264932692051,0.784842610359192,0.156430900096893
"366",0.052953414618969,0.636495053768158,0.310551524162292
"367",0.0353421196341515,0.894510447978973,0.0701474919915199
"368",0.0596357434988022,0.827139973640442,0.113224253058434
"369",0.0596357434988022,0.827139973640442,0.113224253058434
"370",0.0596357434988022,0.827139973640442,0.113224253058434
"371",0.132413268089294,0.585797965526581,0.281788766384125
"372",0.132413268089294,0.585797965526581,0.281788766384125
"373",0.0596357434988022,0.827139973640442,0.113224253058434
"374",0.0885990113019943,0.871006429195404,0.0403945967555046
"375",0.108028337359428,0.849943697452545,0.0420279316604137
"376",0.11083859950304,0.849752485752106,0.0394089035689831
"377",0.108028337359428,0.849943697452545,0.0420279316604137
"378",0.187866672873497,0.771093189716339,0.0410401448607445
"379",0.123561695218086,0.840348064899445,0.0360902883112431
"380",0.123561695218086,0.840348064899445,0.0360902883112431
"381",0.096897654235363,0.869466841220856,0.0336355045437813
"382",0.096897654235363,0.869466841220856,0.0336355045437813
"383",0.096897654235363,0.869466841220856,0.0336355045437813
"384",0.123561695218086,0.840348064899445,0.0360902883112431
"385",0.101370632648468,0.856172263622284,0.0424570664763451
"386",0.187866672873497,0.771093189716339,0.0410401448607445
"387",0.0596357434988022,0.827139973640442,0.113224253058434
"388",0.0869770124554634,0.181314170360565,0.731708824634552
"389",0.052953414618969,0.636495053768158,0.310551524162292
"390",0.0896853730082512,0.806694328784943,0.103620305657387
"391",0.0635957196354866,0.81812196969986,0.118282303214073
"1","NEUTRO"
"2","NEUTRO"
"3","NEUTRO"
"4","NEUTRO"
"5","NEUTRO"
"6","NEUTRO"
"7","NEUTRO"
"8","NEUTRO"
"9","NEUTRO"
"10","NEUTRO"
"11","NEUTRO"
"12","NEUTRO"
"13","NEUTRO"
"14","NEUTRO"
"15","NEUTRO"
"16","NEUTRO"
"17","NEUTRO"
"18","NEUTRO"
"19","NEUTRO"
"20","NEUTRO"
"21","NEUTRO"
"22","NEUTRO"
"23","NEUTRO"
"24","NEUTRO"
"25","NEUTRO"
"26","NEUTRO"
"27","NEUTRO"
"28","NEUTRO"
"29","NEUTRO"
"30","NEUTRO"
"31","NEUTRO"
"32","NEUTRO"
"33","NEUTRO"
"34","NEUTRO"
"35","NEUTRO"
"36","NEUTRO"
"37","NEUTRO"
"38","NEUTRO"
"39","NEUTRO"
"40","NEUTRO"
"41","NEUTRO"
"42","NEUTRO"
"43","NEUTRO"
"44","NEUTRO"
"45","NEUTRO"
"46","NEUTRO"
"47","NEUTRO"
"48","NEUTRO"
"49","NEUTRO"
"50","NEUTRO"
"51","NEUTRO"
"52","NEUTRO"
"53","NEUTRO"
"54","NEUTRO"
"55","NEUTRO"
"56","NEUTRO"
"57","NEUTRO"
"58","NEUTRO"
"59","NEUTRO"
"60","NEUTRO"
"61","NEUTRO"
"62","NEUTRO"
"63","NEUTRO"
"64","NEUTRO"
"65","NEUTRO"
"66","NEUTRO"
"67","NEUTRO"
"68","NEUTRO"
"69","NEUTRO"
"70","NEUTRO"
"71","NEUTRO"
"72","NEUTRO"
"73","NEUTRO"
"74","NEUTRO"
"75","NEUTRO"
"76","NEUTRO"
"77","NEUTRO"
"78","NEUTRO"
"79","NEUTRO"
"80","NEUTRO"
"81","NEUTRO"
"82","NEUTRO"
"83","NEUTRO"
"84","NEUTRO"
"85","NEUTRO"
"86","NEUTRO"
"87","NEUTRO"
"88","NEUTRO"
"89","NEUTRO"
"90","NEUTRO"
"91","NEUTRO"
"92","NEUTRO"
"93","NEUTRO"
"94","NEUTRO"
"95","NEUTRO"
"96","NEUTRO"
"97","NEUTRO"
"98","NEUTRO"
"99","NEUTRO"
"100","NEUTRO"
"101","NEUTRO"
"102","NEUTRO"
"103","NEUTRO"
"104","NEUTRO"
"105","NEUTRO"
"106","NEUTRO"
"107","NEUTRO"
"108","NEUTRO"
"109","NEUTRO"
"110","NEUTRO"
"111","SUBE"
"112","NEUTRO"
"113","SUBE"
"114","SUBE"
"115","SUBE"
"116","SUBE"
"117","SUBE"
"118","SUBE"
"119","SUBE"
"120","SUBE"
"121","SUBE"
"122","SUBE"
"123","NEUTRO"
"124","NEUTRO"
"125","NEUTRO"
"126","NEUTRO"
"127","SUBE"
"128","SUBE"
"129","SUBE"
"130","NEUTRO"
"131","NEUTRO"
"132","NEUTRO"
"133","NEUTRO"
"134","NEUTRO"
"135","NEUTRO"
"136","NEUTRO"
"137","NEUTRO"
"138","NEUTRO"
"139","NEUTRO"
"140","NEUTRO"
"141","NEUTRO"
"142","NEUTRO"
"143","NEUTRO"
"144","NEUTRO"
"145","NEUTRO"
"146","NEUTRO"
"147","NEUTRO"
"148","NEUTRO"
"149","NEUTRO"
"150","NEUTRO"
"151","NEUTRO"
"152","NEUTRO"
"153","NEUTRO"
"154","NEUTRO"
"155","NEUTRO"
"156","NEUTRO"
"157","NEUTRO"
"158","NEUTRO"
"159","NEUTRO"
"160","NEUTRO"
"161","NEUTRO"
"162","NEUTRO"
"163","NEUTRO"
"164","NEUTRO"
"165","NEUTRO"
"166","NEUTRO"
"167","NEUTRO"
"168","NEUTRO"
"169","NEUTRO"
"170","NEUTRO"
"171","NEUTRO"
"172","NEUTRO"
"173","NEUTRO"
"174","NEUTRO"
"175","NEUTRO"
"176","NEUTRO"
"177","NEUTRO"
"178","NEUTRO"
"179","NEUTRO"
"180","NEUTRO"
"181","NEUTRO"
"182","NEUTRO"
"183","NEUTRO"
"184","NEUTRO"
"185","NEUTRO"
"186","NEUTRO"
"187","NEUTRO"
"188","NEUTRO"
"189","NEUTRO"
"190","NEUTRO"
"191","NEUTRO"
"192","NEUTRO"
"193","NEUTRO"
"194","NEUTRO"
"195","NEUTRO"
"196","NEUTRO"
"197","NEUTRO"
"198","NEUTRO"
"199","NEUTRO"
"200","NEUTRO"
"201","NEUTRO"
"202","NEUTRO"
"203","NEUTRO"
"204","NEUTRO"
"205","NEUTRO"
"206","NEUTRO"
"207","NEUTRO"
"208","NEUTRO"
"209","NEUTRO"
"210","NEUTRO"
"211","NEUTRO"
"212","NEUTRO"
"213","NEUTRO"
"214","NEUTRO"
"215","NEUTRO"
"216","NEUTRO"
"217","NEUTRO"
"218","NEUTRO"
"219","NEUTRO"
"220","NEUTRO"
"221","NEUTRO"
"222","NEUTRO"
"223","NEUTRO"
"224","NEUTRO"
"225","NEUTRO"
"226","NEUTRO"
"227","NEUTRO"
"228","NEUTRO"
"229","NEUTRO"
"230","NEUTRO"
"231","NEUTRO"
"232","NEUTRO"
"233","NEUTRO"
"234","NEUTRO"
"235","NEUTRO"
"236","NEUTRO"
"237","NEUTRO"
"238","NEUTRO"
"239","NEUTRO"
"240","NEUTRO"
"241","NEUTRO"
"242","NEUTRO"
"243","NEUTRO"
"244","NEUTRO"
"245","NEUTRO"
"246","NEUTRO"
"247","NEUTRO"
"248","NEUTRO"
"249","NEUTRO"
"250","NEUTRO"
"251","NEUTRO"
"252","NEUTRO"
"253","NEUTRO"
"254","NEUTRO"
"255","NEUTRO"
"256","NEUTRO"
"257","NEUTRO"
"258","NEUTRO"
"259","NEUTRO"
"260","NEUTRO"
"261","NEUTRO"
"262","NEUTRO"
"263","NEUTRO"
"264","NEUTRO"
"265","NEUTRO"
"266","NEUTRO"
"267","NEUTRO"
"268","NEUTRO"
"269","NEUTRO"
"270","NEUTRO"
"271","NEUTRO"
"272","NEUTRO"
"273","NEUTRO"
"274","NEUTRO"
"275","NEUTRO"
"276","NEUTRO"
"277","NEUTRO"
"278","NEUTRO"
"279","NEUTRO"
"280","NEUTRO"
"281","NEUTRO"
"282","NEUTRO"
"283","NEUTRO"
"284","NEUTRO"
"285","NEUTRO"
"286","NEUTRO"
"287","NEUTRO"
"288","NEUTRO"
"289","NEUTRO"
"290","NEUTRO"
"291","NEUTRO"
"292","NEUTRO"
"293","NEUTRO"
"294","NEUTRO"
"295","NEUTRO"
"296","NEUTRO"
"297","NEUTRO"
"298","NEUTRO"
"299","NEUTRO"
"300","NEUTRO"
"301","NEUTRO"
"302","NEUTRO"
"303","NEUTRO"
"304","NEUTRO"
"305","NEUTRO"
"306","NEUTRO"
"307","NEUTRO"
"308","NEUTRO"
"309","NEUTRO"
"310","NEUTRO"
"311","NEUTRO"
"312","NEUTRO"
"313","NEUTRO"
"314","NEUTRO"
"315","NEUTRO"
"316","NEUTRO"
"317","NEUTRO"
"318","NEUTRO"
"319","NEUTRO"
"320","NEUTRO"
"321","NEUTRO"
"322","NEUTRO"
"323","NEUTRO"
"324","NEUTRO"
"325","NEUTRO"
"326","NEUTRO"
"327","NEUTRO"
"328","NEUTRO"
"329","NEUTRO"
"330","NEUTRO"
"331","NEUTRO"
"332","NEUTRO"
"333","NEUTRO"
"334","NEUTRO"
"335","NEUTRO"
"336","NEUTRO"
"337","NEUTRO"
"338","NEUTRO"
"339","NEUTRO"
"340","NEUTRO"
"341","NEUTRO"
"342","NEUTRO"
"343","NEUTRO"
"344","NEUTRO"
"345","NEUTRO"
"346","NEUTRO"
"347","NEUTRO"
"348","NEUTRO"
"349","NEUTRO"
"350","NEUTRO"
"351","NEUTRO"
"352","NEUTRO"
"353","NEUTRO"
"354","NEUTRO"
"355","NEUTRO"
"356","NEUTRO"
"357","NEUTRO"
"358","NEUTRO"
"359","NEUTRO"
"360","NEUTRO"
"361","NEUTRO"
"362","NEUTRO"
"363","NEUTRO"
"364","NEUTRO"
"365","NEUTRO"
"366","NEUTRO"
"367","NEUTRO"
"368","NEUTRO"
"369","NEUTRO"
"370","NEUTRO"
"371","NEUTRO"
"372","NEUTRO"
"373","NEUTRO"
"374","NEUTRO"
"375","NEUTRO"
"376","NEUTRO"
"377","NEUTRO"
"378","NEUTRO"
"379","NEUTRO"
"380","NEUTRO"
"381","NEUTRO"
"382","NEUTRO"
"383","NEUTRO"
"384","NEUTRO"
"385","NEUTRO"
"386","NEUTRO"
"387","NEUTRO"
"388","NEUTRO"
"389","NEUTRO"
"390","NEUTRO"
"391","NEUTRO"
"1","NEUTRO"
"2","NEUTRO"
"3","NEUTRO"
"4","NEUTRO"
"5","NEUTRO"
"6","NEUTRO"
"7","NEUTRO"
"8","NEUTRO"
"9","NEUTRO"
"10","NEUTRO"
"11","NEUTRO"
"12","NEUTRO"
"13","NEUTRO"
"14","NEUTRO"
"15","NEUTRO"
"16","NEUTRO"
"17","NEUTRO"
"18","NEUTRO"
"19","NEUTRO"
"20","NEUTRO"
"21","NEUTRO"
"22","NEUTRO"
"23","NEUTRO"
"24","NEUTRO"
"25","NEUTRO"
"26","NEUTRO"
"27","NEUTRO"
"28","NEUTRO"
"29","NEUTRO"
"30","NEUTRO"
"31","NEUTRO"
"32","NEUTRO"
"33","NEUTRO"
"34","NEUTRO"
"35","NEUTRO"
"36","NEUTRO"
"37","NEUTRO"
"38","NEUTRO"
"39","NEUTRO"
"40","NEUTRO"
"41","NEUTRO"
"42","NEUTRO"
"43","NEUTRO"
"44","NEUTRO"
"45","NEUTRO"
"46","NEUTRO"
"47","NEUTRO"
"48","NEUTRO"
"49","NEUTRO"
"50","NEUTRO"
"51","NEUTRO"
"52","NEUTRO"
"53","NEUTRO"
"54","NEUTRO"
"55","NEUTRO"
"56","NEUTRO"
"57","NEUTRO"
"58","NEUTRO"
"59","NEUTRO"
"60","NEUTRO"
"61","NEUTRO"
"62","NEUTRO"
"63","NEUTRO"
"64","NEUTRO"
"65","NEUTRO"
"66","NEUTRO"
"67","NEUTRO"
"68","NEUTRO"
"69","NEUTRO"
"70","NEUTRO"
"71","NEUTRO"
"72","NEUTRO"
"73","NEUTRO"
"74","NEUTRO"
"75","NEUTRO"
"76","NEUTRO"
"77","NEUTRO"
"78","NEUTRO"
"79","NEUTRO"
"80","NEUTRO"
"81","NEUTRO"
"82","NEUTRO"
"83","NEUTRO"
"84","NEUTRO"
"85","NEUTRO"
"86","NEUTRO"
"87","NEUTRO"
"88","NEUTRO"
"89","NEUTRO"
"90","NEUTRO"
"91","NEUTRO"
"92","NEUTRO"
"93","NEUTRO"
"94","NEUTRO"
"95","NEUTRO"
"96","NEUTRO"
"97","NEUTRO"
"98","NEUTRO"
"99","NEUTRO"
"100","NEUTRO"
"101","NEUTRO"
"102","NEUTRO"
"103","NEUTRO"
"104","NEUTRO"
"105","NEUTRO"
"106","NEUTRO"
"107","NEUTRO"
"108","NEUTRO"
"109","NEUTRO"
"110","NEUTRO"
"111","NEUTRO"
"112","NEUTRO"
"113","SUBE"
"114","SUBE"
"115","SUBE"
"116","SUBE"
"117","SUBE"
"118","SUBE"
"119","SUBE"
"120","NEUTRO"
"121","NEUTRO"
"122","NEUTRO"
"123","NEUTRO"
"124","NEUTRO"
"125","NEUTRO"
"126","NEUTRO"
"127","NEUTRO"
"128","SUBE"
"129","NEUTRO"
"130","NEUTRO"
"131","NEUTRO"
"132","NEUTRO"
"133","NEUTRO"
"134","NEUTRO"
"135","NEUTRO"
"136","NEUTRO"
"137","NEUTRO"
"138","NEUTRO"
"139","NEUTRO"
"140","NEUTRO"
"141","NEUTRO"
"142","NEUTRO"
"143","NEUTRO"
"144","NEUTRO"
"145","NEUTRO"
"146","NEUTRO"
"147","NEUTRO"
"148","NEUTRO"
"149","NEUTRO"
"150","NEUTRO"
"151","NEUTRO"
"152","NEUTRO"
"153","NEUTRO"
"154","NEUTRO"
"155","NEUTRO"
"156","NEUTRO"
"157","NEUTRO"
"158","NEUTRO"
"159","NEUTRO"
"160","NEUTRO"
"161","NEUTRO"
"162","NEUTRO"
"163","NEUTRO"
"164","NEUTRO"
"165","NEUTRO"
"166","NEUTRO"
"167","NEUTRO"
"168","NEUTRO"
"169","NEUTRO"
"170","NEUTRO"
"171","NEUTRO"
"172","NEUTRO"
"173","NEUTRO"
"174","NEUTRO"
"175","NEUTRO"
"176","NEUTRO"
"177","NEUTRO"
"178","NEUTRO"
"179","NEUTRO"
"180","NEUTRO"
"181","NEUTRO"
"182","NEUTRO"
"183","NEUTRO"
"184","NEUTRO"
"185","NEUTRO"
"186","NEUTRO"
"187","NEUTRO"
"188","NEUTRO"
"189","NEUTRO"
"190","NEUTRO"
"191","NEUTRO"
"192","NEUTRO"
"193","NEUTRO"
"194","NEUTRO"
"195","NEUTRO"
"196","NEUTRO"
"197","NEUTRO"
"198","NEUTRO"
"199","NEUTRO"
"200","NEUTRO"
"201","NEUTRO"
"202","NEUTRO"
"203","NEUTRO"
"204","NEUTRO"
"205","NEUTRO"
"206","NEUTRO"
"207","NEUTRO"
"208","NEUTRO"
"209","NEUTRO"
"210","NEUTRO"
"211","NEUTRO"
"212","NEUTRO"
"213","NEUTRO"
"214","NEUTRO"
"215","NEUTRO"
"216","NEUTRO"
"217","NEUTRO"
"218","NEUTRO"
"219","NEUTRO"
"220","NEUTRO"
"221","NEUTRO"
"222","NEUTRO"
"223","NEUTRO"
"224","NEUTRO"
"225","NEUTRO"
"226","NEUTRO"
"227","NEUTRO"
"228","NEUTRO"
"229","NEUTRO"
"230","NEUTRO"
"231","NEUTRO"
"232","NEUTRO"
"233","NEUTRO"
"234","NEUTRO"
"235","NEUTRO"
"236","NEUTRO"
"237","NEUTRO"
"238","NEUTRO"
"239","NEUTRO"
"240","NEUTRO"
"241","NEUTRO"
"242","NEUTRO"
"243","NEUTRO"
"244","NEUTRO"
"245","NEUTRO"
"246","NEUTRO"
"247","NEUTRO"
"248","NEUTRO"
"249","NEUTRO"
"250","NEUTRO"
"251","NEUTRO"
"252","NEUTRO"
"253","NEUTRO"
"254","NEUTRO"
"255","NEUTRO"
"256","NEUTRO"
"257","NEUTRO"
"258","NEUTRO"
"259","NEUTRO"
"260","NEUTRO"
"261","NEUTRO"
"262","NEUTRO"
"263","NEUTRO"
"264","NEUTRO"
"265","NEUTRO"
"266","NEUTRO"
"267","NEUTRO"
"268","NEUTRO"
"269","NEUTRO"
"270","NEUTRO"
"271","NEUTRO"
"272","NEUTRO"
"273","NEUTRO"
"274","NEUTRO"
"275","NEUTRO"
"276","NEUTRO"
"277","NEUTRO"
"278","NEUTRO"
"279","NEUTRO"
"280","NEUTRO"
"281","NEUTRO"
"282","NEUTRO"
"283","NEUTRO"
"284","NEUTRO"
"285","NEUTRO"
"286","NEUTRO"
"287","NEUTRO"
"288","NEUTRO"
"289","NEUTRO"
"290","NEUTRO"
"291","NEUTRO"
"292","NEUTRO"
"293","NEUTRO"
"294","NEUTRO"
"295","NEUTRO"
"296","NEUTRO"
"297","NEUTRO"
"298","NEUTRO"
"299","NEUTRO"
"300","NEUTRO"
"301","NEUTRO"
"302","NEUTRO"
"303","NEUTRO"
"304","NEUTRO"
"305","NEUTRO"
"306","NEUTRO"
"307","NEUTRO"
"308","NEUTRO"
"309","NEUTRO"
"310","NEUTRO"
"311","NEUTRO"
"312","NEUTRO"
"313","NEUTRO"
"314","NEUTRO"
"315","NEUTRO"
"316","NEUTRO"
"317","NEUTRO"
"318","NEUTRO"
"319","NEUTRO"
"320","NEUTRO"
"321","NEUTRO"
"322","NEUTRO"
"323","NEUTRO"
"324","NEUTRO"
"325","NEUTRO"
"326","NEUTRO"
"327","NEUTRO"
"328","NEUTRO"
"329","NEUTRO"
"330","NEUTRO"
"331","NEUTRO"
"332","NEUTRO"
"333","NEUTRO"
"334","NEUTRO"
"335","NEUTRO"
"336","NEUTRO"
"337","NEUTRO"
"338","NEUTRO"
"339","NEUTRO"
"340","NEUTRO"
"341","NEUTRO"
"342","NEUTRO"
"343","NEUTRO"
"344","NEUTRO"
"345","NEUTRO"
"346","NEUTRO"
"347","NEUTRO"
"348","NEUTRO"
"349","NEUTRO"
"350","NEUTRO"
"351","NEUTRO"
"352","NEUTRO"
"353","NEUTRO"
"354","NEUTRO"
"355","NEUTRO"
"356","NEUTRO"
"357","NEUTRO"
"358","NEUTRO"
"359","NEUTRO"
"360","NEUTRO"
"361","NEUTRO"
"362","NEUTRO"
"363","NEUTRO"
"364","NEUTRO"
"365","NEUTRO"
"366","NEUTRO"
"367","NEUTRO"
"368","NEUTRO"
"369","NEUTRO"
"370","NEUTRO"
"371","NEUTRO"
"372","NEUTRO"
"373","NEUTRO"
"374","NEUTRO"
"375","NEUTRO"
"376","NEUTRO"
"377","NEUTRO"
"378","NEUTRO"
"379","NEUTRO"
"380","NEUTRO"
"381","NEUTRO"
"382","NEUTRO"
"383","NEUTRO"
"384","NEUTRO"
"385","NEUTRO"
"386","NEUTRO"
"387","NEUTRO"
"388","NEUTRO"
"389","NEUTRO"
"390","NEUTRO"
"391","NEUTRO"
"1",0.0479879230260849,0.790187239646912,0.161824852228165
"2",0.0479879230260849,0.790187239646912,0.161824852228165
"3",0.141579076647758,0.685083031654358,0.173337906599045
"4",0.110009752213955,0.743513345718384,0.146476909518242
"5",0.223790690302849,0.615778625011444,0.160430729389191
"6",0.120414048433304,0.719255745410919,0.160330161452293
"7",0.152713537216187,0.683399438858032,0.163887023925781
"8",0.157838970422745,0.692141115665436,0.150019854307175
"9",0.141579076647758,0.685083031654358,0.173337906599045
"10",0.110009752213955,0.743513345718384,0.146476909518242
"11",0.110009752213955,0.743513345718384,0.146476909518242
"12",0.120414048433304,0.719255745410919,0.160330161452293
"13",0.132312968373299,0.725693225860596,0.141993775963783
"14",0.161491349339485,0.665201604366302,0.173307046294212
"15",0.110009752213955,0.743513345718384,0.146476909518242
"16",0.110009752213955,0.743513345718384,0.146476909518242
"17",0.110009752213955,0.743513345718384,0.146476909518242
"18",0.223790690302849,0.615778625011444,0.160430729389191
"19",0.134370163083076,0.686717212200165,0.178912580013275
"20",0.132312968373299,0.725693225860596,0.141993775963783
"21",0.140265822410583,0.693439483642578,0.166294738650322
"22",0.132312968373299,0.725693225860596,0.141993775963783
"23",0.190581753849983,0.604892313480377,0.204525917768478
"24",0.139065638184547,0.687506079673767,0.173428297042847
"25",0.132312968373299,0.725693225860596,0.141993775963783
"26",0.140265822410583,0.693439483642578,0.166294738650322
"27",0.190581753849983,0.604892313480377,0.204525917768478
"28",0.119027316570282,0.600032925605774,0.280939728021622
"29",0.145058408379555,0.717132866382599,0.137808755040169
"30",0.118083916604519,0.752821564674377,0.129094511270523
"31",0.110009752213955,0.743513345718384,0.146476909518242
"32",0.141579076647758,0.685083031654358,0.173337906599045
"33",0.141579076647758,0.685083031654358,0.173337906599045
"34",0.0400993749499321,0.82264256477356,0.137258097529411
"35",0.0479879230260849,0.790187239646912,0.161824852228165
"36",0.0479879230260849,0.790187239646912,0.161824852228165
"37",0.0479879230260849,0.790187239646912,0.161824852228165
"38",0.141579076647758,0.685083031654358,0.173337906599045
"39",0.110009752213955,0.743513345718384,0.146476909518242
"40",0.141579076647758,0.685083031654358,0.173337906599045
"41",0.110009752213955,0.743513345718384,0.146476909518242
"42",0.157838970422745,0.692141115665436,0.150019854307175
"43",0.118083916604519,0.752821564674377,0.129094511270523
"44",0.111824199557304,0.758165001869202,0.130010798573494
"45",0.0857431218028069,0.844618141651154,0.069638729095459
"46",0.152713537216187,0.683399438858032,0.163887023925781
"47",0.129811003804207,0.719066381454468,0.151122644543648
"48",0.129811003804207,0.719066381454468,0.151122644543648
"49",0.157838970422745,0.692141115665436,0.150019854307175
"50",0.157838970422745,0.692141115665436,0.150019854307175
"51",0.134370163083076,0.686717212200165,0.178912580013275
"52",0.140265822410583,0.693439483642578,0.166294738650322
"53",0.139065638184547,0.687506079673767,0.173428297042847
"54",0.139065638184547,0.687506079673767,0.173428297042847
"55",0.152713537216187,0.683399438858032,0.163887023925781
"56",0.161491349339485,0.665201604366302,0.173307046294212
"57",0.120414048433304,0.719255745410919,0.160330161452293
"58",0.223790690302849,0.615778625011444,0.160430729389191
"59",0.157838970422745,0.692141115665436,0.150019854307175
"60",0.111824199557304,0.758165001869202,0.130010798573494
"61",0.111824199557304,0.758165001869202,0.130010798573494
"62",0.129811003804207,0.719066381454468,0.151122644543648
"63",0.157838970422745,0.692141115665436,0.150019854307175
"64",0.157838970422745,0.692141115665436,0.150019854307175
"65",0.157838970422745,0.692141115665436,0.150019854307175
"66",0.152713537216187,0.683399438858032,0.163887023925781
"67",0.152713537216187,0.683399438858032,0.163887023925781
"68",0.134370163083076,0.686717212200165,0.178912580013275
"69",0.140265822410583,0.693439483642578,0.166294738650322
"70",0.141579076647758,0.685083031654358,0.173337906599045
"71",0.0479879230260849,0.790187239646912,0.161824852228165
"72",0.0400993749499321,0.82264256477356,0.137258097529411
"73",0.0362821482121944,0.839525878429413,0.124191932380199
"74",0.0400993749499321,0.82264256477356,0.137258097529411
"75",0.0400993749499321,0.82264256477356,0.137258097529411
"76",0.0400993749499321,0.82264256477356,0.137258097529411
"77",0.0362821482121944,0.839525878429413,0.124191932380199
"78",0.0479879230260849,0.790187239646912,0.161824852228165
"79",0.250477731227875,0.594014942646027,0.155507326126099
"80",0.0219011809676886,0.369268774986267,0.608830034732819
"81",0.141579076647758,0.685083031654358,0.173337906599045
"82",0.716265916824341,0.21380090713501,0.0699331909418106
"83",0.0362821482121944,0.839525878429413,0.124191932380199
"84",0.0400993749499321,0.82264256477356,0.137258097529411
"85",0.0362821482121944,0.839525878429413,0.124191932380199
"86",0.0400993749499321,0.82264256477356,0.137258097529411
"87",0.0400993749499321,0.82264256477356,0.137258097529411
"88",0.0421742014586926,0.552507340908051,0.405318439006805
"89",0.0491197369992733,0.828192174434662,0.122688055038452
"90",0.0400993749499321,0.82264256477356,0.137258097529411
"91",0.0362821482121944,0.839525878429413,0.124191932380199
"92",0.0360221303999424,0.390753537416458,0.573224365711212
"93",0.0360221303999424,0.390753537416458,0.573224365711212
"94",0.0398818738758564,0.818180561065674,0.141937613487244
"95",0.0501251518726349,0.845144212245941,0.104730620980263
"96",0.0400993749499321,0.82264256477356,0.137258097529411
"97",0.0401992835104465,0.633618593215942,0.326182156801224
"98",0.0400993749499321,0.82264256477356,0.137258097529411
"99",0.0362821482121944,0.839525878429413,0.124191932380199
"100",0.0479879230260849,0.790187239646912,0.161824852228165
"101",0.417819738388062,0.438687682151794,0.143492519855499
"102",0.0479879230260849,0.790187239646912,0.161824852228165
"103",0.0400993749499321,0.82264256477356,0.137258097529411
"104",0.0400993749499321,0.82264256477356,0.137258097529411
"105",0.0398818738758564,0.818180561065674,0.141937613487244
"106",0.0491197369992733,0.828192174434662,0.122688055038452
"107",0.0400993749499321,0.82264256477356,0.137258097529411
"108",0.0360221303999424,0.390753537416458,0.573224365711212
"109",0.0400993749499321,0.82264256477356,0.137258097529411
"110",0.0418758392333984,0.780520856380463,0.177603289484978
"111",0.0457670390605927,0.727266907691956,0.226966068148613
"112",0.0401992835104465,0.633618593215942,0.326182156801224
"113",0.0361509211361408,0.184779718518257,0.779069304466248
"114",0.0361509211361408,0.184779718518257,0.779069304466248
"115",0.0379105173051357,0.193773627281189,0.768315851688385
"116",0.0379105173051357,0.193773627281189,0.768315851688385
"117",0.0261687971651554,0.0284451860934496,0.945386052131653
"118",0.0379105173051357,0.193773627281189,0.768315851688385
"119",0.0419571921229362,0.767539024353027,0.190503805875778
"120",0.0419571921229362,0.767539024353027,0.190503805875778
"121",0.0202230233699083,0.236706599593163,0.743070423603058
"122",0.0457670390605927,0.727266907691956,0.226966068148613
"123",0.0421742014586926,0.552507340908051,0.405318439006805
"124",0.0501251518726349,0.845144212245941,0.104730620980263
"125",0.0400993749499321,0.82264256477356,0.137258097529411
"126",0.0400993749499321,0.82264256477356,0.137258097529411
"127",0.0457670390605927,0.727266907691956,0.226966068148613
"128",0.0379105173051357,0.193773627281189,0.768315851688385
"129",0.0419571921229362,0.767539024353027,0.190503805875778
"130",0.0219011809676886,0.369268774986267,0.608830034732819
"131",0.0398818738758564,0.818180561065674,0.141937613487244
"132",0.0400993749499321,0.82264256477356,0.137258097529411
"133",0.0362821482121944,0.839525878429413,0.124191932380199
"134",0.110009752213955,0.743513345718384,0.146476909518242
"135",0.0362821482121944,0.839525878429413,0.124191932380199
"136",0.223790690302849,0.615778625011444,0.160430729389191
"137",0.161491349339485,0.665201604366302,0.173307046294212
"138",0.140265822410583,0.693439483642578,0.166294738650322
"139",0.139065638184547,0.687506079673767,0.173428297042847
"140",0.134370163083076,0.686717212200165,0.178912580013275
"141",0.215947970747948,0.590803265571594,0.193248763680458
"142",0.110009752213955,0.743513345718384,0.146476909518242
"143",0.110009752213955,0.743513345718384,0.146476909518242
"144",0.141579076647758,0.685083031654358,0.173337906599045
"145",0.141579076647758,0.685083031654358,0.173337906599045
"146",0.139065638184547,0.687506079673767,0.173428297042847
"147",0.0974738970398903,0.776635527610779,0.125890538096428
"148",0.145058408379555,0.717132866382599,0.137808755040169
"149",0.140265822410583,0.693439483642578,0.166294738650322
"150",0.139065638184547,0.687506079673767,0.173428297042847
"151",0.236573919653893,0.630844593048096,0.132581517100334
"152",0.194306671619415,0.593268811702728,0.212424546480179
"153",0.155919328331947,0.786297857761383,0.0577827990055084
"154",0.111824199557304,0.758165001869202,0.130010798573494
"155",0.105016194283962,0.712006866931915,0.182976901531219
"156",0.0896880030632019,0.856466233730316,0.0538457855582237
"157",0.194306671619415,0.593268811702728,0.212424546480179
"158",0.134403720498085,0.77782666683197,0.0877695679664612
"159",0.105016194283962,0.712006866931915,0.182976901531219
"160",0.140265822410583,0.693439483642578,0.166294738650322
"161",0.152713537216187,0.683399438858032,0.163887023925781
"162",0.120414048433304,0.719255745410919,0.160330161452293
"163",0.105016194283962,0.712006866931915,0.182976901531219
"164",0.111824199557304,0.758165001869202,0.130010798573494
"165",0.0857431218028069,0.844618141651154,0.069638729095459
"166",0.0948587730526924,0.76254016160965,0.1426010876894
"167",0.0561222210526466,0.801186859607697,0.14269095659256
"168",0.0416750051081181,0.697188317775726,0.261136680841446
"169",0.0948587730526924,0.76254016160965,0.1426010876894
"170",0.0565199069678783,0.806864142417908,0.136615991592407
"171",0.0477562695741653,0.681756615638733,0.270487129688263
"172",0.107449896633625,0.853475213050842,0.0390749201178551
"173",0.107449896633625,0.853475213050842,0.0390749201178551
"174",0.107449896633625,0.853475213050842,0.0390749201178551
"175",0.0865010395646095,0.132106125354767,0.781392812728882
"176",0.169570684432983,0.79300719499588,0.037422139197588
"177",0.112870775163174,0.852320849895477,0.0348084308207035
"178",0.112870775163174,0.852320849895477,0.0348084308207035
"179",0.0746167451143265,0.890325248241425,0.035057969391346
"180",0.110938034951687,0.85144704580307,0.0376149006187916
"181",0.182232052087784,0.779403924942017,0.0383640229701996
"182",0.182232052087784,0.779403924942017,0.0383640229701996
"183",0.0976204574108124,0.862874329090118,0.0395052433013916
"184",0.0865658298134804,0.874788105487823,0.0386460497975349
"185",0.0746167451143265,0.890325248241425,0.035057969391346
"186",0.182232052087784,0.779403924942017,0.0383640229701996
"187",0.107449896633625,0.853475213050842,0.0390749201178551
"188",0.107449896633625,0.853475213050842,0.0390749201178551
"189",0.143139213323593,0.727324664592743,0.129536151885986
"190",0.143139213323593,0.727324664592743,0.129536151885986
"191",0.100630976259708,0.823620796203613,0.0757482498884201
"192",0.13416513800621,0.722077369689941,0.143757462501526
"193",0.215281575918198,0.663567006587982,0.121151402592659
"194",0.100630976259708,0.823620796203613,0.0757482498884201
"195",0.124029614031315,0.802119791507721,0.0738506019115448
"196",0.118115708231926,0.82183974981308,0.0600445047020912
"197",0.140027090907097,0.787542760372162,0.0724301636219025
"198",0.0565199069678783,0.806864142417908,0.136615991592407
"199",0.0674372389912605,0.775072038173676,0.157490670681
"200",0.0560390949249268,0.827325046062469,0.116635836660862
"201",0.0561222210526466,0.801186859607697,0.14269095659256
"202",0.0561222210526466,0.801186859607697,0.14269095659256
"203",0.0948587730526924,0.76254016160965,0.1426010876894
"204",0.0416750051081181,0.697188317775726,0.261136680841446
"205",0.0565199069678783,0.806864142417908,0.136615991592407
"206",0.0272993259131908,0.913198351860046,0.0595023706555367
"207",0.0272993259131908,0.913198351860046,0.0595023706555367
"208",0.0591778196394444,0.629604816436768,0.311217337846756
"209",0.033265296369791,0.774695336818695,0.192039355635643
"210",0.25709468126297,0.709427356719971,0.0334779918193817
"211",0.152629911899567,0.814121663570404,0.0332483910024166
"212",0.112870775163174,0.852320849895477,0.0348084308207035
"213",0.135381266474724,0.828038036823273,0.0365807451307774
"214",0.0865658298134804,0.874788105487823,0.0386460497975349
"215",0.24435268342495,0.721595108509064,0.0340521894395351
"216",0.0977558940649033,0.864071488380432,0.0381726175546646
"217",0.0977558940649033,0.864071488380432,0.0381726175546646
"218",0.107449896633625,0.853475213050842,0.0390749201178551
"219",0.0272993259131908,0.913198351860046,0.0595023706555367
"220",0.0674372389912605,0.775072038173676,0.157490670681
"221",0.107449896633625,0.853475213050842,0.0390749201178551
"222",0.0505964010953903,0.831242442131042,0.118161141872406
"223",0.149607449769974,0.719101786613464,0.131290718913078
"224",0.0948587730526924,0.76254016160965,0.1426010876894
"225",0.0272993259131908,0.913198351860046,0.0595023706555367
"226",0.100630976259708,0.823620796203613,0.0757482498884201
"227",0.0824112147092819,0.864777684211731,0.052811112254858
"228",0.13416513800621,0.722077369689941,0.143757462501526
"229",0.0913440957665443,0.797969400882721,0.110686488449574
"230",0.0272993259131908,0.913198351860046,0.0595023706555367
"231",0.045032374560833,0.718141496181488,0.236826166510582
"232",0.0948751643300056,0.828816294670105,0.0763085260987282
"233",0.0609832853078842,0.394388884305954,0.544627904891968
"234",0.140027090907097,0.787542760372162,0.0724301636219025
"235",0.134045541286469,0.797811925411224,0.068142481148243
"236",0.0857431218028069,0.844618141651154,0.069638729095459
"237",0.148847118020058,0.630295157432556,0.220857679843903
"238",0.111824199557304,0.758165001869202,0.130010798573494
"239",0.157838970422745,0.692141115665436,0.150019854307175
"240",0.165379673242569,0.700302541255951,0.134317830204964
"241",0.110938034951687,0.85144704580307,0.0376149006187916
"242",0.100630976259708,0.823620796203613,0.0757482498884201
"243",0.0948587730526924,0.76254016160965,0.1426010876894
"244",0.142544880509377,0.764853000640869,0.0926020592451096
"245",0.0876521021127701,0.791862070560455,0.120485872030258
"246",0.176616057753563,0.698908686637878,0.12447527050972
"247",0.0960312113165855,0.771965026855469,0.132003754377365
"248",0.0948587730526924,0.76254016160965,0.1426010876894
"249",0.134045541286469,0.797811925411224,0.068142481148243
"250",0.0857431218028069,0.844618141651154,0.069638729095459
"251",0.105016194283962,0.712006866931915,0.182976901531219
"252",0.0974738970398903,0.776635527610779,0.125890538096428
"253",0.149607449769974,0.719101786613464,0.131290718913078
"254",0.215281575918198,0.663567006587982,0.121151402592659
"255",0.611562728881836,0.341120362281799,0.0473168678581715
"256",0.193677589297295,0.648060500621796,0.15826191008091
"257",0.193677589297295,0.648060500621796,0.15826191008091
"258",0.0896880030632019,0.856466233730316,0.0538457855582237
"259",0.0896880030632019,0.856466233730316,0.0538457855582237
"260",0.0857431218028069,0.844618141651154,0.069638729095459
"261",0.0896880030632019,0.856466233730316,0.0538457855582237
"262",0.182021141052246,0.609057128429413,0.20892171561718
"263",0.140027090907097,0.787542760372162,0.0724301636219025
"264",0.0948751643300056,0.828816294670105,0.0763085260987282
"265",0.0994144529104233,0.799161791801453,0.101423792541027
"266",0.198392704129219,0.716839194297791,0.0847680792212486
"267",0.118115708231926,0.82183974981308,0.0600445047020912
"268",0.148847118020058,0.630295157432556,0.220857679843903
"269",0.0896880030632019,0.856466233730316,0.0538457855582237
"270",0.0857431218028069,0.844618141651154,0.069638729095459
"271",0.194306671619415,0.593268811702728,0.212424546480179
"272",0.0824112147092819,0.864777684211731,0.052811112254858
"273",0.346065431833267,0.574276566505432,0.0796580091118813
"274",0.13416513800621,0.722077369689941,0.143757462501526
"275",0.140027090907097,0.787542760372162,0.0724301636219025
"276",0.0824112147092819,0.864777684211731,0.052811112254858
"277",0.346065431833267,0.574276566505432,0.0796580091118813
"278",0.0948751643300056,0.828816294670105,0.0763085260987282
"279",0.140027090907097,0.787542760372162,0.0724301636219025
"280",0.0974738970398903,0.776635527610779,0.125890538096428
"281",0.0896880030632019,0.856466233730316,0.0538457855582237
"282",0.0948751643300056,0.828816294670105,0.0763085260987282
"283",0.148847118020058,0.630295157432556,0.220857679843903
"284",0.157838970422745,0.692141115665436,0.150019854307175
"285",0.0857431218028069,0.844618141651154,0.069638729095459
"286",0.0857431218028069,0.844618141651154,0.069638729095459
"287",0.152713537216187,0.683399438858032,0.163887023925781
"288",0.152713537216187,0.683399438858032,0.163887023925781
"289",0.0974738970398903,0.776635527610779,0.125890538096428
"290",0.118083916604519,0.752821564674377,0.129094511270523
"291",0.110009752213955,0.743513345718384,0.146476909518242
"292",0.229376584291458,0.636791944503784,0.133831441402435
"293",0.157838970422745,0.692141115665436,0.150019854307175
"294",0.110009752213955,0.743513345718384,0.146476909518242
"295",0.417819738388062,0.438687682151794,0.143492519855499
"296",0.141579076647758,0.685083031654358,0.173337906599045
"297",0.110009752213955,0.743513345718384,0.146476909518242
"298",0.716265916824341,0.21380090713501,0.0699331909418106
"299",0.134370163083076,0.686717212200165,0.178912580013275
"300",0.223790690302849,0.615778625011444,0.160430729389191
"301",0.134370163083076,0.686717212200165,0.178912580013275
"302",0.110009752213955,0.743513345718384,0.146476909518242
"303",0.110009752213955,0.743513345718384,0.146476909518242
"304",0.141579076647758,0.685083031654358,0.173337906599045
"305",0.417819738388062,0.438687682151794,0.143492519855499
"306",0.110009752213955,0.743513345718384,0.146476909518242
"307",0.110009752213955,0.743513345718384,0.146476909518242
"308",0.141579076647758,0.685083031654358,0.173337906599045
"309",0.110009752213955,0.743513345718384,0.146476909518242
"310",0.132312968373299,0.725693225860596,0.141993775963783
"311",0.190581753849983,0.604892313480377,0.204525917768478
"312",0.120414048433304,0.719255745410919,0.160330161452293
"313",0.110009752213955,0.743513345718384,0.146476909518242
"314",0.110009752213955,0.743513345718384,0.146476909518242
"315",0.223790690302849,0.615778625011444,0.160430729389191
"316",0.157838970422745,0.692141115665436,0.150019854307175
"317",0.139065638184547,0.687506079673767,0.173428297042847
"318",0.145058408379555,0.717132866382599,0.137808755040169
"319",0.20619124174118,0.665854096412659,0.127954691648483
"320",0.157838970422745,0.692141115665436,0.150019854307175
"321",0.129811003804207,0.719066381454468,0.151122644543648
"322",0.190581753849983,0.604892313480377,0.204525917768478
"323",0.132312968373299,0.725693225860596,0.141993775963783
"324",0.120414048433304,0.719255745410919,0.160330161452293
"325",0.161491349339485,0.665201604366302,0.173307046294212
"326",0.139065638184547,0.687506079673767,0.173428297042847
"327",0.139065638184547,0.687506079673767,0.173428297042847
"328",0.152713537216187,0.683399438858032,0.163887023925781
"329",0.716265916824341,0.21380090713501,0.0699331909418106
"330",0.134370163083076,0.686717212200165,0.178912580013275
"331",0.120414048433304,0.719255745410919,0.160330161452293
"332",0.110009752213955,0.743513345718384,0.146476909518242
"333",0.190581753849983,0.604892313480377,0.204525917768478
"334",0.111824199557304,0.758165001869202,0.130010798573494
"335",0.118083916604519,0.752821564674377,0.129094511270523
"336",0.169995024800301,0.692196488380432,0.13780851662159
"337",0.0505964010953903,0.831242442131042,0.118161141872406
"338",0.507192432880402,0.469688445329666,0.0231191273778677
"339",0.0560390949249268,0.827325046062469,0.116635836660862
"340",0.182232052087784,0.779403924942017,0.0383640229701996
"341",0.0560390949249268,0.827325046062469,0.116635836660862
"342",0.0865658298134804,0.874788105487823,0.0386460497975349
"343",0.182232052087784,0.779403924942017,0.0383640229701996
"344",0.102655693888664,0.865686178207397,0.0316581837832928
"345",0.102655693888664,0.865686178207397,0.0316581837832928
"346",0.112870775163174,0.852320849895477,0.0348084308207035
"347",0.0746167451143265,0.890325248241425,0.035057969391346
"348",0.112870775163174,0.852320849895477,0.0348084308207035
"349",0.25709468126297,0.709427356719971,0.0334779918193817
"350",0.0746167451143265,0.890325248241425,0.035057969391346
"351",0.102655693888664,0.865686178207397,0.0316581837832928
"352",0.102655693888664,0.865686178207397,0.0316581837832928
"353",0.102655693888664,0.865686178207397,0.0316581837832928
"354",0.102655693888664,0.865686178207397,0.0316581837832928
"355",0.102655693888664,0.865686178207397,0.0316581837832928
"356",0.0746167451143265,0.890325248241425,0.035057969391346
"357",0.252971559762955,0.713364601135254,0.0336637943983078
"358",0.112870775163174,0.852320849895477,0.0348084308207035
"359",0.0746167451143265,0.890325248241425,0.035057969391346
"360",0.196553871035576,0.769453525543213,0.0339926220476627
"361",0.0865658298134804,0.874788105487823,0.0386460497975349
"362",0.0865658298134804,0.874788105487823,0.0386460497975349
"363",0.0865658298134804,0.874788105487823,0.0386460497975349
"364",0.507192432880402,0.469688445329666,0.0231191273778677
"365",0.0577620714902878,0.786317646503448,0.15592023730278
"366",0.0484118796885014,0.648238062858582,0.303350120782852
"367",0.0272993259131908,0.913198351860046,0.0595023706555367
"368",0.0560390949249268,0.827325046062469,0.116635836660862
"369",0.0560390949249268,0.827325046062469,0.116635836660862
"370",0.0560390949249268,0.827325046062469,0.116635836660862
"371",0.138681054115295,0.53744775056839,0.32387113571167
"372",0.138681054115295,0.53744775056839,0.32387113571167
"373",0.0560390949249268,0.827325046062469,0.116635836660862
"374",0.0865658298134804,0.874788105487823,0.0386460497975349
"375",0.107449896633625,0.853475213050842,0.0390749201178551
"376",0.110938034951687,0.85144704580307,0.0376149006187916
"377",0.107449896633625,0.853475213050842,0.0390749201178551
"378",0.182232052087784,0.779403924942017,0.0383640229701996
"379",0.112870775163174,0.852320849895477,0.0348084308207035
"380",0.112870775163174,0.852320849895477,0.0348084308207035
"381",0.12488679587841,0.836599111557007,0.038514070212841
"382",0.102655693888664,0.865686178207397,0.0316581837832928
"383",0.102655693888664,0.865686178207397,0.0316581837832928
"384",0.112870775163174,0.852320849895477,0.0348084308207035
"385",0.115098729729652,0.845024406909943,0.0398768410086632
"386",0.182232052087784,0.779403924942017,0.0383640229701996
"387",0.0560390949249268,0.827325046062469,0.116635836660862
"388",0.0865010395646095,0.132106125354767,0.781392812728882
"389",0.0484118796885014,0.648238062858582,0.303350120782852
"390",0.0876521021127701,0.791862070560455,0.120485872030258
"391",0.0565199069678783,0.806864142417908,0.136615991592407
"1","NEUTRO"
"2","NEUTRO"
"3","NEUTRO"
"4","NEUTRO"
"5","NEUTRO"
"6","NEUTRO"
"7","NEUTRO"
"8","NEUTRO"
"9","NEUTRO"
"10","NEUTRO"
"11","NEUTRO"
"12","NEUTRO"
"13","NEUTRO"
"14","NEUTRO"
"15","NEUTRO"
"16","NEUTRO"
"17","NEUTRO"
"18","NEUTRO"
"19","NEUTRO"
"20","NEUTRO"
"21","NEUTRO"
"22","NEUTRO"
"23","NEUTRO"
"24","NEUTRO"
"25","NEUTRO"
"26","NEUTRO"
"27","NEUTRO"
"28","NEUTRO"
"29","NEUTRO"
"30","NEUTRO"
"31","NEUTRO"
"32","NEUTRO"
"33","NEUTRO"
"34","NEUTRO"
"35","NEUTRO"
"36","NEUTRO"
"37","NEUTRO"
"38","NEUTRO"
"39","NEUTRO"
"40","NEUTRO"
"41","NEUTRO"
"42","NEUTRO"
"43","NEUTRO"
"44","NEUTRO"
"45","NEUTRO"
"46","NEUTRO"
"47","NEUTRO"
"48","NEUTRO"
"49","NEUTRO"
"50","NEUTRO"
"51","NEUTRO"
"52","NEUTRO"
"53","NEUTRO"
"54","NEUTRO"
"55","NEUTRO"
"56","NEUTRO"
"57","NEUTRO"
"58","NEUTRO"
"59","NEUTRO"
"60","NEUTRO"
"61","NEUTRO"
"62","NEUTRO"
"63","NEUTRO"
"64","NEUTRO"
"65","NEUTRO"
"66","NEUTRO"
"67","NEUTRO"
"68","NEUTRO"
"69","NEUTRO"
"70","NEUTRO"
"71","NEUTRO"
"72","NEUTRO"
"73","NEUTRO"
"74","NEUTRO"
"75","NEUTRO"
"76","NEUTRO"
"77","NEUTRO"
"78","NEUTRO"
"79","NEUTRO"
"80","NEUTRO"
"81","NEUTRO"
"82","NEUTRO"
"83","NEUTRO"
"84","NEUTRO"
"85","NEUTRO"
"86","NEUTRO"
"87","NEUTRO"
"88","NEUTRO"
"89","NEUTRO"
"90","NEUTRO"
"91","NEUTRO"
"92","NEUTRO"
"93","NEUTRO"
"94","NEUTRO"
"95","NEUTRO"
"96","NEUTRO"
"97","NEUTRO"
"98","NEUTRO"
"99","NEUTRO"
"100","NEUTRO"
"101","NEUTRO"
"102","NEUTRO"
"103","NEUTRO"
"104","NEUTRO"
"105","NEUTRO"
"106","NEUTRO"
"107","NEUTRO"
"108","NEUTRO"
"109","NEUTRO"
"110","NEUTRO"
"111","SUBE"
"112","NEUTRO"
"113","SUBE"
"114","SUBE"
"115","SUBE"
"116","SUBE"
"117","SUBE"
"118","SUBE"
"119","SUBE"
"120","SUBE"
"121","SUBE"
"122","SUBE"
"123","NEUTRO"
"124","NEUTRO"
"125","NEUTRO"
"126","NEUTRO"
"127","SUBE"
"128","SUBE"
"129","SUBE"
"130","NEUTRO"
"131","NEUTRO"
"132","NEUTRO"
"133","NEUTRO"
"134","NEUTRO"
"135","NEUTRO"
"136","NEUTRO"
"137","NEUTRO"
"138","NEUTRO"
"139","NEUTRO"
"140","NEUTRO"
"141","NEUTRO"
"142","NEUTRO"
"143","NEUTRO"
"144","NEUTRO"
"145","NEUTRO"
"146","NEUTRO"
"147","NEUTRO"
"148","NEUTRO"
"149","NEUTRO"
"150","NEUTRO"
"151","NEUTRO"
"152","NEUTRO"
"153","NEUTRO"
"154","NEUTRO"
"155","NEUTRO"
"156","NEUTRO"
"157","NEUTRO"
"158","NEUTRO"
"159","NEUTRO"
"160","NEUTRO"
"161","NEUTRO"
"162","NEUTRO"
"163","NEUTRO"
"164","NEUTRO"
"165","NEUTRO"
"166","NEUTRO"
"167","NEUTRO"
"168","NEUTRO"
"169","NEUTRO"
"170","NEUTRO"
"171","NEUTRO"
"172","NEUTRO"
"173","NEUTRO"
"174","NEUTRO"
"175","NEUTRO"
"176","NEUTRO"
"177","NEUTRO"
"178","NEUTRO"
"179","NEUTRO"
"180","NEUTRO"
"181","NEUTRO"
"182","NEUTRO"
"183","NEUTRO"
"184","NEUTRO"
"185","NEUTRO"
"186","NEUTRO"
"187","NEUTRO"
"188","NEUTRO"
"189","NEUTRO"
"190","NEUTRO"
"191","NEUTRO"
"192","NEUTRO"
"193","NEUTRO"
"194","NEUTRO"
"195","NEUTRO"
"196","NEUTRO"
"197","NEUTRO"
"198","NEUTRO"
"199","NEUTRO"
"200","NEUTRO"
"201","NEUTRO"
"202","NEUTRO"
"203","NEUTRO"
"204","NEUTRO"
"205","NEUTRO"
"206","NEUTRO"
"207","NEUTRO"
"208","NEUTRO"
"209","NEUTRO"
"210","NEUTRO"
"211","NEUTRO"
"212","NEUTRO"
"213","NEUTRO"
"214","NEUTRO"
"215","NEUTRO"
"216","NEUTRO"
"217","NEUTRO"
"218","NEUTRO"
"219","NEUTRO"
"220","NEUTRO"
"221","NEUTRO"
"222","NEUTRO"
"223","NEUTRO"
"224","NEUTRO"
"225","NEUTRO"
"226","NEUTRO"
"227","NEUTRO"
"228","NEUTRO"
"229","NEUTRO"
"230","NEUTRO"
"231","NEUTRO"
"232","NEUTRO"
"233","NEUTRO"
"234","NEUTRO"
"235","NEUTRO"
"236","NEUTRO"
"237","NEUTRO"
"238","NEUTRO"
"239","NEUTRO"
"240","NEUTRO"
"241","NEUTRO"
"242","NEUTRO"
"243","NEUTRO"
"244","NEUTRO"
"245","NEUTRO"
"246","NEUTRO"
"247","NEUTRO"
"248","NEUTRO"
"249","NEUTRO"
"250","NEUTRO"
"251","NEUTRO"
"252","NEUTRO"
"253","NEUTRO"
"254","NEUTRO"
"255","NEUTRO"
"256","NEUTRO"
"257","NEUTRO"
"258","NEUTRO"
"259","NEUTRO"
"260","NEUTRO"
"261","NEUTRO"
"262","NEUTRO"
"263","NEUTRO"
"264","NEUTRO"
"265","NEUTRO"
"266","NEUTRO"
"267","NEUTRO"
"268","NEUTRO"
"269","NEUTRO"
"270","NEUTRO"
"271","NEUTRO"
"272","NEUTRO"
"273","NEUTRO"
"274","NEUTRO"
"275","NEUTRO"
"276","NEUTRO"
"277","NEUTRO"
"278","NEUTRO"
"279","NEUTRO"
"280","NEUTRO"
"281","NEUTRO"
"282","NEUTRO"
"283","NEUTRO"
"284","NEUTRO"
"285","NEUTRO"
"286","NEUTRO"
"287","NEUTRO"
"288","NEUTRO"
"289","NEUTRO"
"290","NEUTRO"
"291","NEUTRO"
"292","NEUTRO"
"293","NEUTRO"
"294","NEUTRO"
"295","NEUTRO"
"296","NEUTRO"
"297","NEUTRO"
"298","NEUTRO"
"299","NEUTRO"
"300","NEUTRO"
"301","NEUTRO"
"302","NEUTRO"
"303","NEUTRO"
"304","NEUTRO"
"305","NEUTRO"
"306","NEUTRO"
"307","NEUTRO"
"308","NEUTRO"
"309","NEUTRO"
"310","NEUTRO"
"311","NEUTRO"
"312","NEUTRO"
"313","NEUTRO"
"314","NEUTRO"
"315","NEUTRO"
"316","NEUTRO"
"317","NEUTRO"
"318","NEUTRO"
"319","NEUTRO"
"320","NEUTRO"
"321","NEUTRO"
"322","NEUTRO"
"323","NEUTRO"
"324","NEUTRO"
"325","NEUTRO"
"326","NEUTRO"
"327","NEUTRO"
"328","NEUTRO"
"329","NEUTRO"
"330","NEUTRO"
"331","NEUTRO"
"332","NEUTRO"
"333","NEUTRO"
"334","NEUTRO"
"335","NEUTRO"
"336","NEUTRO"
"337","NEUTRO"
"338","NEUTRO"
"339","NEUTRO"
"340","NEUTRO"
"341","NEUTRO"
"342","NEUTRO"
"343","NEUTRO"
"344","NEUTRO"
"345","NEUTRO"
"346","NEUTRO"
"347","NEUTRO"
"348","NEUTRO"
"349","NEUTRO"
"350","NEUTRO"
"351","NEUTRO"
"352","NEUTRO"
"353","NEUTRO"
"354","NEUTRO"
"355","NEUTRO"
"356","NEUTRO"
"357","NEUTRO"
"358","NEUTRO"
"359","NEUTRO"
"360","NEUTRO"
"361","NEUTRO"
"362","NEUTRO"
"363","NEUTRO"
"364","NEUTRO"
"365","NEUTRO"
"366","NEUTRO"
"367","NEUTRO"
"368","NEUTRO"
"369","NEUTRO"
"370","NEUTRO"
"371","NEUTRO"
"372","NEUTRO"
"373","NEUTRO"
"374","NEUTRO"
"375","NEUTRO"
"376","NEUTRO"
"377","NEUTRO"
"378","NEUTRO"
"379","NEUTRO"
"380","NEUTRO"
"381","NEUTRO"
"382","NEUTRO"
"383","NEUTRO"
"384","NEUTRO"
"385","NEUTRO"
"386","NEUTRO"
"387","NEUTRO"
"388","NEUTRO"
"389","NEUTRO"
"390","NEUTRO"
"391","NEUTRO"
"1","NEUTRO"
"2","NEUTRO"
"3","NEUTRO"
"4","NEUTRO"
"5","NEUTRO"
"6","NEUTRO"
"7","NEUTRO"
"8","NEUTRO"
"9","NEUTRO"
"10","NEUTRO"
"11","NEUTRO"
"12","NEUTRO"
"13","NEUTRO"
"14","NEUTRO"
"15","NEUTRO"
"16","NEUTRO"
"17","NEUTRO"
"18","NEUTRO"
"19","NEUTRO"
"20","NEUTRO"
"21","NEUTRO"
"22","NEUTRO"
"23","NEUTRO"
"24","NEUTRO"
"25","NEUTRO"
"26","NEUTRO"
"27","NEUTRO"
"28","NEUTRO"
"29","NEUTRO"
"30","NEUTRO"
"31","NEUTRO"
"32","NEUTRO"
"33","NEUTRO"
"34","NEUTRO"
"35","NEUTRO"
"36","NEUTRO"
"37","NEUTRO"
"38","NEUTRO"
"39","NEUTRO"
"40","NEUTRO"
"41","NEUTRO"
"42","NEUTRO"
"43","NEUTRO"
"44","NEUTRO"
"45","NEUTRO"
"46","NEUTRO"
"47","NEUTRO"
"48","NEUTRO"
"49","NEUTRO"
"50","NEUTRO"
"51","NEUTRO"
"52","NEUTRO"
"53","NEUTRO"
"54","NEUTRO"
"55","NEUTRO"
"56","NEUTRO"
"57","NEUTRO"
"58","NEUTRO"
"59","NEUTRO"
"60","NEUTRO"
"61","NEUTRO"
"62","NEUTRO"
"63","NEUTRO"
"64","NEUTRO"
"65","NEUTRO"
"66","NEUTRO"
"67","NEUTRO"
"68","NEUTRO"
"69","NEUTRO"
"70","NEUTRO"
"71","NEUTRO"
"72","NEUTRO"
"73","NEUTRO"
"74","NEUTRO"
"75","NEUTRO"
"76","NEUTRO"
"77","NEUTRO"
"78","NEUTRO"
"79","NEUTRO"
"80","NEUTRO"
"81","NEUTRO"
"82","NEUTRO"
"83","NEUTRO"
"84","NEUTRO"
"85","NEUTRO"
"86","NEUTRO"
"87","NEUTRO"
"88","NEUTRO"
"89","NEUTRO"
"90","NEUTRO"
"91","NEUTRO"
"92","NEUTRO"
"93","NEUTRO"
"94","NEUTRO"
"95","NEUTRO"
"96","NEUTRO"
"97","NEUTRO"
"98","NEUTRO"
"99","NEUTRO"
"100","NEUTRO"
"101","NEUTRO"
"102","NEUTRO"
"103","NEUTRO"
"104","NEUTRO"
"105","NEUTRO"
"106","NEUTRO"
"107","NEUTRO"
"108","NEUTRO"
"109","NEUTRO"
"110","NEUTRO"
"111","NEUTRO"
"112","NEUTRO"
"113","SUBE"
"114","SUBE"
"115","SUBE"
"116","SUBE"
"117","SUBE"
"118","SUBE"
"119","SUBE"
"120","NEUTRO"
"121","NEUTRO"
"122","NEUTRO"
"123","NEUTRO"
"124","NEUTRO"
"125","NEUTRO"
"126","NEUTRO"
"127","NEUTRO"
"128","SUBE"
"129","NEUTRO"
"130","NEUTRO"
"131","NEUTRO"
"132","NEUTRO"
"133","NEUTRO"
"134","NEUTRO"
"135","NEUTRO"
"136","NEUTRO"
"137","NEUTRO"
"138","NEUTRO"
"139","NEUTRO"
"140","NEUTRO"
"141","NEUTRO"
"142","NEUTRO"
"143","NEUTRO"
"144","NEUTRO"
"145","NEUTRO"
"146","NEUTRO"
"147","NEUTRO"
"148","NEUTRO"
"149","NEUTRO"
"150","NEUTRO"
"151","NEUTRO"
"152","NEUTRO"
"153","NEUTRO"
"154","NEUTRO"
"155","NEUTRO"
"156","NEUTRO"
"157","NEUTRO"
"158","NEUTRO"
"159","NEUTRO"
"160","NEUTRO"
"161","NEUTRO"
"162","NEUTRO"
"163","NEUTRO"
"164","NEUTRO"
"165","NEUTRO"
"166","NEUTRO"
"167","NEUTRO"
"168","NEUTRO"
"169","NEUTRO"
"170","NEUTRO"
"171","NEUTRO"
"172","NEUTRO"
"173","NEUTRO"
"174","NEUTRO"
"175","NEUTRO"
"176","NEUTRO"
"177","NEUTRO"
"178","NEUTRO"
"179","NEUTRO"
"180","NEUTRO"
"181","NEUTRO"
"182","NEUTRO"
"183","NEUTRO"
"184","NEUTRO"
"185","NEUTRO"
"186","NEUTRO"
"187","NEUTRO"
"188","NEUTRO"
"189","NEUTRO"
"190","NEUTRO"
"191","NEUTRO"
"192","NEUTRO"
"193","NEUTRO"
"194","NEUTRO"
"195","NEUTRO"
"196","NEUTRO"
"197","NEUTRO"
"198","NEUTRO"
"199","NEUTRO"
"200","NEUTRO"
"201","NEUTRO"
"202","NEUTRO"
"203","NEUTRO"
"204","NEUTRO"
"205","NEUTRO"
"206","NEUTRO"
"207","NEUTRO"
"208","NEUTRO"
"209","NEUTRO"
"210","NEUTRO"
"211","NEUTRO"
"212","NEUTRO"
"213","NEUTRO"
"214","NEUTRO"
"215","NEUTRO"
"216","NEUTRO"
"217","NEUTRO"
"218","NEUTRO"
"219","NEUTRO"
"220","NEUTRO"
"221","NEUTRO"
"222","NEUTRO"
"223","NEUTRO"
"224","NEUTRO"
"225","NEUTRO"
"226","NEUTRO"
"227","NEUTRO"
"228","NEUTRO"
"229","NEUTRO"
"230","NEUTRO"
"231","NEUTRO"
"232","NEUTRO"
"233","NEUTRO"
"234","NEUTRO"
"235","NEUTRO"
"236","NEUTRO"
"237","NEUTRO"
"238","NEUTRO"
"239","NEUTRO"
"240","NEUTRO"
"241","NEUTRO"
"242","NEUTRO"
"243","NEUTRO"
"244","NEUTRO"
"245","NEUTRO"
"246","NEUTRO"
"247","NEUTRO"
"248","NEUTRO"
"249","NEUTRO"
"250","NEUTRO"
"251","NEUTRO"
"252","NEUTRO"
"253","NEUTRO"
"254","NEUTRO"
"255","NEUTRO"
"256","NEUTRO"
"257","NEUTRO"
"258","NEUTRO"
"259","NEUTRO"
"260","NEUTRO"
"261","NEUTRO"
"262","NEUTRO"
"263","NEUTRO"
"264","NEUTRO"
"265","NEUTRO"
"266","NEUTRO"
"267","NEUTRO"
"268","NEUTRO"
"269","NEUTRO"
"270","NEUTRO"
"271","NEUTRO"
"272","NEUTRO"
"273","NEUTRO"
"274","NEUTRO"
"275","NEUTRO"
"276","NEUTRO"
"277","NEUTRO"
"278","NEUTRO"
"279","NEUTRO"
"280","NEUTRO"
"281","NEUTRO"
"282","NEUTRO"
"283","NEUTRO"
"284","NEUTRO"
"285","NEUTRO"
"286","NEUTRO"
"287","NEUTRO"
"288","NEUTRO"
"289","NEUTRO"
"290","NEUTRO"
"291","NEUTRO"
"292","NEUTRO"
"293","NEUTRO"
"294","NEUTRO"
"295","NEUTRO"
"296","NEUTRO"
"297","NEUTRO"
"298","NEUTRO"
"299","NEUTRO"
"300","NEUTRO"
"301","NEUTRO"
"302","NEUTRO"
"303","NEUTRO"
"304","NEUTRO"
"305","NEUTRO"
"306","NEUTRO"
"307","NEUTRO"
"308","NEUTRO"
"309","NEUTRO"
"310","NEUTRO"
"311","NEUTRO"
"312","NEUTRO"
"313","NEUTRO"
"314","NEUTRO"
"315","NEUTRO"
"316","NEUTRO"
"317","NEUTRO"
"318","NEUTRO"
"319","NEUTRO"
"320","NEUTRO"
"321","NEUTRO"
"322","NEUTRO"
"323","NEUTRO"
"324","NEUTRO"
"325","NEUTRO"
"326","NEUTRO"
"327","NEUTRO"
"328","NEUTRO"
"329","NEUTRO"
"330","NEUTRO"
"331","NEUTRO"
"332","NEUTRO"
"333","NEUTRO"
"334","NEUTRO"
"335","NEUTRO"
"336","NEUTRO"
"337","NEUTRO"
"338","NEUTRO"
"339","NEUTRO"
"340","NEUTRO"
"341","NEUTRO"
"342","NEUTRO"
"343","NEUTRO"
"344","NEUTRO"
"345","NEUTRO"
"346","NEUTRO"
"347","NEUTRO"
"348","NEUTRO"
"349","NEUTRO"
"350","NEUTRO"
"351","NEUTRO"
"352","NEUTRO"
"353","NEUTRO"
"354","NEUTRO"
"355","NEUTRO"
"356","NEUTRO"
"357","NEUTRO"
"358","NEUTRO"
"359","NEUTRO"
"360","NEUTRO"
"361","NEUTRO"
"362","NEUTRO"
"363","NEUTRO"
"364","NEUTRO"
"365","NEUTRO"
"366","NEUTRO"
"367","NEUTRO"
"368","NEUTRO"
"369","NEUTRO"
"370","NEUTRO"
"371","NEUTRO"
"372","NEUTRO"
"373","NEUTRO"
"374","NEUTRO"
"375","NEUTRO"
"376","NEUTRO"
"377","NEUTRO"
"378","NEUTRO"
"379","NEUTRO"
"380","NEUTRO"
"381","NEUTRO"
"382","NEUTRO"
"383","NEUTRO"
"384","NEUTRO"
"385","NEUTRO"
"386","NEUTRO"
"387","NEUTRO"
"388","NEUTRO"
"389","NEUTRO"
"390","NEUTRO"
"391","NEUTRO"
